<?xml version="1.0" encoding="UTF-8"?>
<feature
      id="REAL_Feature"
      label="REAL_Feature"
      version="1.0.0.201411032114">

   <description url="http://www.example.com/description">
      [Enter Feature Description here.]
   </description>

   <copyright url="http://www.example.com/copyright">
      [Enter Copyright Description here.]
   </copyright>

   <license url="http://www.example.com/license">
      [Enter License Description here.]
   </license>

   <requires>
      <import plugin="org.eclipse.core.runtime" version="3.9.0" match="greaterOrEqual"/>
      <import plugin="org.eclipse.swt" version="3.102.0" match="greaterOrEqual"/>
      <import plugin="org.eclipse.e4.core.di" version="1.3.0" match="greaterOrEqual"/>
      <import plugin="org.eclipse.e4.ui.workbench" version="1.0.0" match="greaterOrEqual"/>
      <import plugin="org.eclipse.e4.ui.di" version="1.0.0" match="greaterOrEqual"/>
      <import plugin="org.eclipse.e4.core.di.extensions" version="0.11.100" match="greaterOrEqual"/>
      <import plugin="org.eclipse.e4.ui.workbench.swt" version="0.12.0" match="greaterOrEqual"/>
      <import plugin="org.eclipse.e4.ui.model.workbench" version="1.0.0" match="greaterOrEqual"/>
      <import plugin="org.eclipse.core.commands" version="3.6.100" match="greaterOrEqual"/>
      <import plugin="org.eclipse.e4.core.commands" version="0.10.2" match="greaterOrEqual"/>
      <import plugin="org.eclipse.e4.core.contexts" version="1.3.0" match="greaterOrEqual"/>
      <import plugin="org.eclipse.e4.ui.services" version="1.0.0" match="greaterOrEqual"/>
      <import plugin="javax.inject"/>
      <import plugin="org.eclipse.e4.ui.workbench.addons.swt" version="1.0.0" match="greaterOrEqual"/>
      <import plugin="org.eclipse.jface" version="3.9.0" match="greaterOrEqual"/>
      <import plugin="javax.annotation"/>
   </requires>

   <plugin
         id="REAL_Plugin1"
         download-size="0"
         install-size="0"
         version="1.0.0.201411032114"
         unpack="false"/>

</feature>
