<?xml version="1.0" encoding="UTF-8"?>
<config date="1415034887686" transient="false">
	<site updateable="true" url="platform:/base/" enabled="true" policy="USER-EXCLUDE">
		<feature id="org.eclipse.e4.rcp" version="1.3.100.v20140909-1633" url="features/org.eclipse.e4.rcp_1.3.100.v20140909-1633/">
		</feature>
		<feature id="org.eclipse.emf.common" version="2.10.1.v20140901-1043" url="features/org.eclipse.emf.common_2.10.1.v20140901-1043/">
		</feature>
		<feature id="org.eclipse.emf.ecore" version="2.10.1.v20140901-1043" url="features/org.eclipse.emf.ecore_2.10.1.v20140901-1043/">
		</feature>
		<feature id="REAL_Feature" version="1.0.0.201411032114" url="features/REAL_Feature_1.0.0.201411032114/">
		</feature>
	</site>
</config>
